,name,label
0,0.jpg,1
1,1.jpg,1
2,2.jpg,1
3,3.jpg,1
4,4.jpg,1
5,5.jpg,1
6,6.jpg,1
7,7.jpg,1
8,8.jpg,1
9,9.jpg,1
10,10.jpg,1
11,11.jpg,1
12,12.jpg,1
13,13.jpg,1
14,14.jpg,1
15,15.jpg,1
16,16.jpg,1
17,17.jpg,1
18,18.jpg,1
19,19.jpg,1
20,20.jpg,1
21,21.jpg,1
22,22.jpg,1
23,23.jpg,1
24,24.jpg,1
25,25.jpg,1
26,26.jpg,1
27,27.jpg,1
28,28.jpg,1
29,29.jpg,1
30,30.jpg,1
31,31.jpg,1
32,32.jpg,1
33,33.jpg,1
34,34.jpg,1
35,35.jpg,1
36,36.jpg,1
37,37.jpg,1
38,38.jpg,1
39,39.jpg,1
40,40.jpg,1
41,41.jpg,1
42,42.jpg,1
43,43.jpg,1
44,44.jpg,1
45,45.jpg,1
46,46.jpg,1
47,47.jpg,1
48,48.jpg,1
49,49.jpg,1
50,50.jpg,1
51,51.jpg,1
52,52.jpg,1
53,53.jpg,1
54,54.jpg,1
55,55.jpg,1
56,56.jpg,1
57,57.jpg,1
58,58.jpg,1
59,59.jpg,1
60,60.jpg,1
61,61.jpg,1
62,62.jpg,1
63,63.jpg,1
64,64.jpg,1
65,65.jpg,1
66,66.jpg,1
67,67.jpg,1
68,68.jpg,1
69,69.jpg,1
70,70.jpg,1
71,71.jpg,1
72,72.jpg,1
73,73.jpg,1
74,74.jpg,1
75,75.jpg,1
76,76.jpg,1
77,77.jpg,1
78,78.jpg,1
79,79.jpg,1
80,80.jpg,1
81,81.jpg,1
82,82.jpg,1
83,83.jpg,1
84,84.jpg,1
85,85.jpg,1
86,86.jpg,1
87,87.jpg,1
88,88.jpg,1
89,89.jpg,1
90,90.jpg,1
91,91.jpg,1
92,92.jpg,1
93,93.jpg,1
94,94.jpg,1
95,95.jpg,1
96,96.jpg,1
97,97.jpg,1
98,98.jpg,1
99,99.jpg,1
100,100.jpg,1
101,101.jpg,1
102,102.jpg,1
103,103.jpg,1
104,104.jpg,1
105,105.jpg,1
106,106.jpg,1
107,107.jpg,1
108,108.jpg,1
109,109.jpg,1
110,110.jpg,1
111,111.jpg,1
112,112.jpg,1
113,113.jpg,1
114,114.jpg,1
115,115.jpg,1
116,116.jpg,1
117,117.jpg,1
118,118.jpg,1
119,119.jpg,1
120,120.jpg,1
121,121.jpg,1
122,122.jpg,1
123,123.jpg,1
124,124.jpg,1
125,125.jpg,1
126,126.jpg,1
127,127.jpg,1
128,128.jpg,1
129,129.jpg,1
130,130.jpg,1
131,131.jpg,1
132,132.jpg,1
133,133.jpg,1
134,134.jpg,1
135,135.jpg,1
136,136.jpg,1
137,137.jpg,1
138,138.jpg,1
139,139.jpg,1
140,140.jpg,1
141,141.jpg,1
142,142.jpg,1
143,143.jpg,1
144,144.jpg,1
145,145.jpg,1
146,146.jpg,1
147,147.jpg,1
148,148.jpg,1
149,149.jpg,1
150,150.jpg,1
151,151.jpg,1
152,152.jpg,1
153,153.jpg,1
154,154.jpg,1
155,155.jpg,1
156,156.jpg,1
157,157.jpg,1
158,158.jpg,1
159,159.jpg,1
160,160.jpg,1
161,161.jpg,1
162,162.jpg,1
163,163.jpg,1
164,164.jpg,1
165,165.jpg,1
166,166.jpg,1
167,167.jpg,1
168,168.jpg,1
169,169.jpg,1
170,170.jpg,1
171,171.jpg,1
172,172.jpg,1
173,173.jpg,1
174,174.jpg,1
175,175.jpg,1
176,176.jpg,1
177,177.jpg,1
178,178.jpg,1
179,179.jpg,1
180,180.jpg,1
181,181.jpg,1
182,182.jpg,1
183,183.jpg,1
184,184.jpg,1
185,185.jpg,1
186,186.jpg,1
187,187.jpg,1
188,188.jpg,1
189,189.jpg,1
190,190.jpg,1
191,191.jpg,1
192,192.jpg,1
193,193.jpg,1
194,194.jpg,1
195,195.jpg,1
196,196.jpg,1
197,197.jpg,1
198,198.jpg,1
199,199.jpg,1
200,200.jpg,1
201,201.jpg,1
202,202.jpg,1
203,203.jpg,1
204,204.jpg,1
205,205.jpg,1
206,206.jpg,1
207,207.jpg,1
208,208.jpg,1
209,209.jpg,1
210,210.jpg,1
211,211.jpg,1
212,212.jpg,1
213,213.jpg,1
214,214.jpg,1
215,215.jpg,1
216,216.jpg,1
217,217.jpg,1
218,218.jpg,1
219,219.jpg,1
220,220.jpg,1
221,221.jpg,1
222,222.jpg,1
223,223.jpg,1
224,224.jpg,1
225,225.jpg,1
226,226.jpg,1
227,227.jpg,1
228,228.jpg,1
229,229.jpg,1
230,230.jpg,1
231,231.jpg,1
232,232.jpg,1
233,233.jpg,1
234,234.jpg,1
235,235.jpg,1
236,236.jpg,1
237,237.jpg,1
238,238.jpg,1
239,239.jpg,1
240,240.jpg,1
241,241.jpg,1
242,242.jpg,1
243,243.jpg,1
244,244.jpg,1
245,245.jpg,1
246,246.jpg,1
247,247.jpg,1
248,248.jpg,1
249,249.jpg,1
250,250.jpg,1
251,251.jpg,1
252,252.jpg,1
253,253.jpg,1
254,254.jpg,1
255,255.jpg,1
256,256.jpg,1
257,257.jpg,1
258,258.jpg,1
259,259.jpg,1
260,260.jpg,1
261,261.jpg,1
262,262.jpg,1
263,263.jpg,1
264,264.jpg,1
265,265.jpg,1
266,266.jpg,1
267,267.jpg,1
268,268.jpg,1
269,269.jpg,1
270,270.jpg,1
271,271.jpg,1
272,272.jpg,1
273,273.jpg,1
274,274.jpg,1
275,275.jpg,1
276,276.jpg,1
277,277.jpg,1
278,278.jpg,1
279,279.jpg,1
280,280.jpg,1
281,281.jpg,1
282,282.jpg,1
283,283.jpg,1
284,284.jpg,1
285,285.jpg,1
286,286.jpg,1
287,287.jpg,1
288,288.jpg,1
289,289.jpg,1
290,290.jpg,1
291,291.jpg,1
292,292.jpg,1
293,293.jpg,1
294,294.jpg,1
295,295.jpg,1
296,296.jpg,1
297,297.jpg,1
298,298.jpg,1
299,299.jpg,1
300,300.jpg,1
301,301.jpg,1
302,302.jpg,1
303,303.jpg,1
304,304.jpg,1
305,305.jpg,1
306,306.jpg,1
307,307.jpg,1
308,308.jpg,1
309,309.jpg,1
310,310.jpg,0
311,486.JPG,0
312,485.JPG,0
313,484.JPG,0
314,483.JPG,0
315,482.JPG,0
316,481.JPG,0
317,480.JPG,0
318,479.JPG,0
319,478.JPG,0
320,477.jpg,0
321,476.jpg,0
322,475.jpg,0
323,474.jpg,0
324,473.jpg,0
325,472.jpg,0
326,471.jpg,0
327,470.jpg,0
328,469.jpg,0
329,468.jpg,0
330,467.jpg,0
331,466.jpg,0
332,465.jpg,0
333,464.jpg,0
334,463.jpg,0
335,462.jpg,0
336,461.jpg,0
337,460.jpg,0
338,459.jpg,0
339,458.jpg,0
340,457.jpg,0
341,456.jpg,0
342,455.jpg,0
343,454.jpg,0
344,453.jpg,0
345,452.jpg,0
346,451.jpg,0
347,450.jpg,0
348,449.jpg,0
349,448.jpg,0
350,447.jpg,0
351,446.jpg,0
352,445.jpg,0
353,444.jpg,0
354,443.jpg,0
355,442.jpg,0
356,441.jpg,0
357,440.jpg,0
358,439.jpg,0
359,438.jpg,0
360,437.jpg,0
361,436.jpg,0
362,435.jpg,0
363,434.jpg,0
364,433.jpg,0
365,432.jpg,0
366,431.jpg,0
367,430.jpg,0
368,429.jpg,0
369,428.jpg,0
370,427.jpg,0
371,426.jpg,0
372,425.jpg,0
373,424.jpg,0
374,423.jpg,0
375,422.jpg,0
376,421.jpg,0
377,420.jpg,0
378,419.jpg,0
379,418.jpg,0
380,417.jpg,0
381,416.jpg,0
382,415.jpg,0
383,414.jpg,0
384,413.jpg,0
385,412.jpg,0
386,411.jpg,0
387,410.jpg,0
388,409.jpg,0
389,408.jpg,0
390,407.jpg,0
391,406.jpg,0
392,405.jpg,0
393,404.jpg,0
394,403.jpg,0
395,402.jpg,0
396,401.jpg,0
397,400.jpg,0
398,399.jpg,0
399,398.jpg,0
400,397.jpg,0
401,396.jpg,0
402,395.jpg,0
403,394.jpg,0
404,393.jpg,0
405,392.jpg,0
406,391.jpg,0
407,390.jpg,0
408,389.jpg,0
409,388.jpg,0
410,387.jpg,0
411,386.jpg,0
412,385.jpg,0
413,384.jpg,0
414,383.jpg,0
415,382.jpg,0
416,381.jpg,0
417,380.jpg,0
418,379.jpg,0
419,378.jpg,0
420,377.jpg,0
421,376.jpg,0
422,375.jpg,0
423,374.jpg,0
424,373.jpg,0
425,372.jpg,0
426,371.jpg,0
427,370.jpg,0
428,369.jpg,0
429,368.jpg,0
430,367.jpg,0
431,366.jpg,0
432,365.jpg,0
433,364.jpg,0
434,363.jpg,0
435,362.jpg,0
436,361.jpg,0
437,360.jpg,0
438,359.jpg,0
439,358.jpg,0
440,357.jpg,0
441,356.jpg,0
442,355.jpg,0
443,354.jpg,0
444,353.jpg,0
445,352.jpg,0
446,351.jpg,0
447,350.jpg,0
448,349.jpg,0
449,348.jpg,0
450,347.jpg,0
451,346.jpg,0
452,345.jpg,0
453,344.jpg,0
454,343.jpg,0
455,342.jpg,0
456,341.jpg,0
457,340.jpg,0
458,339.jpg,0
459,338.jpg,0
460,337.jpg,0
461,336.jpg,0
462,335.jpg,0
463,334.jpg,0
464,333.jpg,0
465,332.jpg,0
466,331.jpg,0
467,330.jpg,0
468,329.jpg,0
469,328.jpg,0
470,327.jpg,0
471,326.jpg,0
472,325.jpg,0
473,324.jpg,0
474,323.jpg,0
475,322.jpg,0
476,321.jpg,0
477,320.jpg,0
478,319.jpg,0
479,318.jpg,0
480,317.jpg,0
481,316.jpg,0
482,315.jpg,0
483,314.jpg,0
484,313.jpg,0
485,312.jpg,0
486,311.jpg,0
